{"cameraMode":{"drawMode":0,"name":"Shaded","section":"Shading Mode"},"sceneLighting":true,"audioPlay":false,"sceneViewState":{"showFog":true,"showMaterialUpdate":false,"showSkybox":true,"showFlares":true,"showImageEffects":true,"showParticleSystems":true},"in2DMode":false,"pivot":{"x":26.12491798400879,"y":-3.41854190826416,"z":44.39357376098633},"rotation":{"x":-0.047824885696172717,"y":-0.2562974691390991,"z":0.012700151652097702,"w":-0.965359091758728},"size":27.379501342773439,"orthographic":false}